Date,"Largest 4 Longs, Gross","Largest 4 Shorts, Gross","Largest 8 Longs, Gross","Largest 8 Shorts, Gross","Largest 4 Longs, Net","Largest 4 Shorts, Net","Largest 8 Longs, Net","Largest 8 Shorts, Net"
2016-12-20,73.6,54.2,95.5,75.6,51.9,38.5,58.9,53.5
2016-12-13,74.5,53.4,95.8,76.2,51.8,36.8,57.1,51.4
2016-12-06,75.2,54.1,96.7,77.2,52.5,37.7,57.8,52.9
2016-11-29,69.2,56.9,95.7,78.1,44.0,28.1,48.7,41.8
2016-11-22,68.8,57.0,95.6,78.5,43.7,28.1,48.5,41.6
2016-11-15,68.6,54.8,95.6,76.2,44.0,27.5,49.1,42.1
2016-11-08,67.6,54.6,95.3,76.0,42.2,26.0,47.6,40.5
2016-11-01,62.0,50.7,94.5,74.6,42.9,31.5,49.0,44.5
2016-10-25,62.6,50.3,93.8,72.8,43.7,31.3,50.2,46.0
2016-10-18,65.9,50.5,93.8,73.0,44.9,32.4,52.4,48.0
2016-10-11,68.8,49.9,96.2,73.3,47.3,33.6,55.1,50.3
2016-10-04,67.9,50.7,96.1,72.5,45.8,32.3,54.2,48.9
2016-09-27,62.0,48.6,93.2,70.6,43.2,27.1,49.4,42.6
2016-09-20,64.7,50.0,93.9,72.1,42.7,26.9,49.1,42.6
2016-08-30,72.1,57.0,94.4,76.2,48.8,31.5,55.8,47.4
2016-07-26,71.6,59.9,95.7,82.1,49.0,34.8,54.8,51.0
2016-07-19,71.0,61.2,96.2,81.6,49.2,33.7,54.0,49.7
2016-07-12,70.6,61.3,96.1,81.5,48.9,33.0,53.8,48.7
2016-07-05,70.9,62.4,96.0,81.6,48.9,32.6,53.8,47.7
2016-03-29,73.8,57.0,90.1,80.0,47.5,39.6,53.9,52.3
2016-03-22,74.9,56.9,89.7,79.4,47.8,39.8,54.4,52.6
2016-03-15,76.1,57.5,89.9,79.4,48.1,40.2,54.9,53.0
2016-03-08,77.6,60.3,91.9,81.2,48.6,40.0,55.3,52.8
2016-03-01,67.4,58.9,89.5,80.7,43.3,33.2,52.4,46.2
2016-02-23,70.0,61.3,93.4,82.3,44.5,34.0,51.6,47.6
2016-02-02,69.1,57.6,94.1,82.7,48.8,36.6,57.9,52.7
2016-01-26,68.9,58.6,94.2,80.7,47.8,39.7,57.5,53.4
2016-01-19,68.0,55.7,94.5,77.8,51.1,43.1,60.8,57.2
2016-01-12,68.7,57.2,94.4,78.7,50.6,43.8,60.5,58.2
2016-01-05,74.1,52.1,94.2,76.1,46.2,39.2,54.8,52.6
2015-12-29,72.2,39.3,92.5,68.4,45.8,28.7,51.1,45.3
2015-12-22,72.5,37.1,92.5,65.7,45.9,27.0,53.2,44.8
2015-12-15,69.6,40.3,89.0,69.4,40.5,27.9,50.6,43.9
2015-12-08,67.5,44.0,87.8,68.7,36.4,23.5,46.7,40.0
2015-12-01,63.3,46.1,83.7,71.0,33.1,27.6,43.6,41.2
2015-11-24,60.7,45.2,83.2,69.3,32.2,25.1,42.7,39.4
2015-11-17,62.5,48.4,85.8,71.9,34.4,25.2,45.2,40.5
2015-11-10,55.1,45.9,82.2,75.5,44.4,31.8,56.6,49.4
2015-11-03,56.2,45.9,83.9,74.0,46.1,33.1,57.0,48.8
2015-10-27,53.5,49.6,80.0,78.9,34.4,30.1,44.1,41.7
2015-10-20,54.9,48.3,81.4,77.6,36.6,32.8,48.2,45.8
2015-10-13,59.1,49.9,85.1,78.0,37.4,32.4,49.7,44.8
2015-10-06,62.9,49.4,88.3,77.3,42.4,33.4,52.9,46.1
2015-09-29,65.1,47.4,89.6,77.9,44.2,31.4,51.3,47.6
2015-09-22,64.3,46.2,89.1,76.8,45.7,31.6,53.3,48.5
2015-09-15,70.4,44.0,91.2,74.6,54.5,34.7,57.8,52.3
2015-09-08,70.0,45.2,91.1,75.3,55.2,34.9,58.6,52.0
2015-09-01,60.4,43.5,88.1,75.6,46.9,32.5,51.9,45.4
2015-08-25,63.7,43.1,86.7,76.9,52.6,36.8,57.8,51.0
2015-08-18,65.7,49.0,88.2,77.3,52.3,36.3,57.5,49.2
2015-08-11,64.9,49.5,88.5,76.2,50.8,33.9,56.3,47.5
2015-08-04,62.1,48.9,86.9,74.2,46.9,29.3,50.3,44.1
2015-07-28,70.4,49.2,84.4,73.9,54.4,37.7,63.8,55.4
2015-07-21,72.1,45.2,87.0,70.9,56.4,35.0,64.4,54.1
2015-07-14,74.1,48.2,87.9,71.7,59.0,37.0,64.5,55.3
2015-07-07,72.7,41.6,87.3,65.7,66.0,39.0,70.1,58.6
2015-06-30,74.5,36.9,87.8,60.7,64.1,33.5,70.3,52.7
2015-06-23,76.0,36.1,87.9,60.1,63.3,32.6,69.4,50.9
2015-06-16,74.3,35.6,87.8,61.1,60.1,30.6,66.0,47.8
2015-06-09,71.4,35.4,86.3,61.3,52.7,28.4,59.0,45.4
2015-06-02,72.5,38.9,87.8,64.0,56.1,32.5,62.6,49.4
2015-05-26,69.7,39.3,86.4,62.8,56.7,36.1,64.7,53.8
2015-05-19,70.6,40.6,86.7,62.8,58.6,36.4,66.2,52.4
2015-05-12,69.2,41.4,84.8,63.6,57.5,34.9,64.4,51.1
2015-05-05,72.5,42.9,88.5,65.8,58.9,36.0,65.4,50.9
2015-04-28,67.0,44.9,88.7,65.9,54.0,36.4,59.6,48.4
2015-04-21,68.0,45.3,88.6,66.5,54.3,35.4,58.2,48.2
2015-04-14,69.4,52.7,88.7,74.9,55.6,42.6,59.3,54.0
2015-04-07,69.7,51.5,88.4,74.9,54.3,40.7,57.8,51.5
2015-03-31,60.3,47.1,83.5,76.1,47.5,34.4,51.0,45.4
2015-03-24,60.1,47.5,83.9,75.5,50.0,35.9,53.0,47.5
2015-03-17,59.5,48.1,84.1,74.2,47.5,35.6,55.8,48.4
2015-03-10,58.0,48.7,84.7,73.4,47.7,35.1,57.6,50.9
2015-03-03,58.9,49.4,85.4,74.0,51.1,36.2,60.2,53.7
2015-02-24,64.4,52.5,85.0,78.0,47.8,39.8,57.4,57.5
2015-02-17,60.2,52.7,80.9,78.6,41.9,37.8,52.7,54.6
2015-02-10,60.7,50.3,82.2,77.9,42.1,35.2,51.8,52.9
2015-02-03,67.4,52.2,86.3,78.5,45.5,34.2,53.8,54.0
2015-01-27,68.9,49.7,84.1,77.2,46.8,38.9,55.0,52.0
2015-01-20,71.5,51.9,90.1,82.1,49.5,39.5,57.4,54.0
2015-01-13,74.4,55.0,91.9,84.4,52.6,40.9,60.6,55.4
2015-01-06,75.9,55.0,93.2,83.3,52.4,37.9,59.1,52.5
2014-12-30,66.7,53.9,83.9,83.0,42.6,39.3,50.7,48.6
2014-12-23,66.2,53.8,83.7,82.7,41.8,38.4,50.0,47.9
2014-12-16,67.4,54.2,83.5,82.4,42.6,40.1,50.2,49.1
2014-12-09,68.5,53.5,84.5,80.2,40.3,38.2,47.4,46.1
2014-12-02,70.0,52.0,86.6,79.6,37.4,32.9,43.8,41.7
2014-11-25,58.4,48.9,78.1,72.8,29.8,24.5,38.3,35.2
2014-11-18,59.8,48.7,79.9,72.9,30.7,23.8,38.6,35.1
2014-11-11,60.3,49.5,80.7,73.1,29.8,25.3,37.3,35.1
2014-11-04,59.7,51.2,80.7,74.3,31.7,23.6,39.2,36.3
2014-10-28,62.6,47.3,81.3,71.3,31.1,22.4,38.3,34.1
2014-10-21,65.0,50.1,82.8,75.6,31.6,24.4,41.1,36.8
2014-10-14,67.7,48.9,87.1,75.4,31.6,23.8,37.3,35.7
2014-10-07,68.4,51.7,87.8,76.1,30.2,23.0,36.2,34.7
2014-09-30,55.3,41.4,76.2,67.4,29.1,18.2,36.0,29.1
2014-09-23,53.0,40.7,75.4,65.9,31.8,20.3,39.5,32.2
2014-09-17,62.8,52.9,86.5,74.3,40.1,24.1,47.3,40.4
2014-09-16,55.1,43.8,76.8,69.8,36.6,23.7,45.5,36.2
2014-09-09,57.6,47.9,80.1,73.1,37.3,22.4,44.9,36.2
2014-09-02,55.3,41.0,75.1,66.8,35.0,22.8,44.1,37.2
2014-08-26,53.5,42.0,74.6,69.5,35.6,23.6,45.0,38.7
2014-08-19,52.3,44.2,74.2,69.6,35.4,23.3,44.4,38.8
2014-08-12,48.7,43.6,71.1,68.4,33.4,23.2,43.3,38.8
2014-08-05,51.3,44.8,75.6,68.8,36.9,27.5,50.0,43.9
2014-07-29,63.3,50.7,81.1,71.6,54.7,40.4,69.5,60.2
2014-07-22,65.1,53.5,83.0,77.1,56.9,44.4,71.8,66.5
2014-07-15,65.2,53.4,84.1,77.0,56.7,44.2,72.8,66.3
2014-07-08,67.9,53.6,88.5,75.8,59.3,44.9,75.5,66.8
2014-07-01,67.0,54.7,82.9,71.7,57.5,45.1,67.3,60.8
2014-06-24,65.8,56.9,83.8,74.5,58.2,46.9,68.1,61.6
2014-06-17,68.5,57.8,86.7,75.8,58.5,47.6,67.5,61.9
2014-06-10,68.0,55.7,85.7,76.0,58.5,46.0,68.9,63.9
2014-06-03,71.2,55.4,88.0,76.5,61.6,47.6,70.9,67.1
2014-05-27,62.7,47.9,81.4,69.1,54.4,37.6,62.4,55.9
2014-05-20,61.8,49.8,81.3,69.7,53.2,38.2,60.7,54.3
2014-05-13,62.3,52.1,82.5,71.0,55.3,40.1,63.1,54.5
2014-05-06,63.0,56.4,82.9,75.2,54.3,40.5,61.7,53.9
2014-04-29,62.1,54.5,80.5,75.4,46.3,37.7,54.5,51.1
2014-04-22,61.4,58.3,79.5,78.3,47.4,40.3,56.2,54.1
2014-04-15,60.0,57.5,79.3,77.2,49.3,41.5,58.0,55.7
2014-04-08,62.8,57.1,83.1,77.0,51.4,42.8,58.2,56.7
2014-04-01,53.6,47.9,72.7,69.5,29.2,22.0,34.0,32.7
2014-03-25,54.5,48.9,74.1,68.7,29.0,20.5,33.2,30.9
2014-03-18,57.6,51.7,77.5,71.7,30.5,21.6,34.9,32.3
2014-03-11,57.5,52.9,77.6,73.8,30.7,23.2,35.0,31.9
2014-03-04,60.1,54.9,81.4,77.8,31.4,23.2,35.0,32.1
2014-02-25,62.6,55.7,82.2,76.4,33.2,23.9,36.6,33.9
2014-02-18,62.7,56.3,83.0,76.9,34.0,23.5,37.6,33.2
2014-02-11,61.8,58.8,85.2,80.2,36.0,25.7,40.4,36.0
2014-02-04,62.1,62.1,87.4,80.8,39.5,27.7,42.5,36.9
2014-01-28,59.5,53.3,85.9,76.4,32.2,18.9,39.1,31.7
2014-01-21,62.0,52.0,84.9,74.5,35.6,18.8,41.2,31.7
2014-01-14,62.4,52.0,84.0,74.0,37.4,20.0,43.0,33.7
2014-01-07,62.8,52.9,86.5,74.3,40.1,24.1,47.3,40.4
2013-12-31,56.6,43.6,81.3,64.3,28.4,20.7,41.3,33.9
2013-12-24,55.2,42.5,80.6,63.0,29.1,21.0,42.2,34.6
2013-12-17,53.1,41.2,79.3,62.7,29.8,22.0,43.3,34.6
2013-12-10,54.4,39.5,79.8,61.9,32.6,23.6,45.4,35.2
2013-12-03,57.5,40.8,85.5,62.3,36.1,25.4,48.3,37.7
2013-11-26,51.4,40.6,76.2,62.6,28.6,25.3,39.5,38.6
2013-11-19,50.9,43.4,75.0,66.9,25.9,26.4,37.2,38.2
2013-11-12,48.7,47.3,73.0,72.0,25.7,29.1,38.3,40.6
2013-11-05,47.6,47.7,73.1,72.9,26.9,30.7,40.0,41.8
2013-10-29,50.7,47.5,73.7,72.0,40.4,38.3,53.2,51.5
2013-10-22,53.5,47.1,76.2,73.8,42.7,41.3,53.9,52.4
2013-10-15,54.5,49.2,77.9,74.1,42.7,42.8,52.6,53.3
2013-10-08,56.3,49.3,79.2,73.4,45.2,44.8,54.9,55.5
2013-10-01,55.5,49.8,75.5,70.2,44.0,44.8,53.8,56.4
2013-09-24,55.5,46.5,75.3,68.6,42.3,42.9,51.3,53.1
2013-09-17,54.3,47.4,74.4,68.9,42.7,43.7,52.6,54.1
2013-09-10,56.7,49.8,77.0,72.0,42.8,44.5,53.0,54.6
2013-09-03,59.7,50.1,77.6,67.5,48.0,43.0,55.4,51.9
2013-08-27,60.6,52.0,78.7,69.6,48.8,44.1,56.3,52.8
2013-08-20,60.3,52.9,78.2,69.8,48.8,44.2,56.2,53.1
2013-08-13,61.2,53.8,79.4,70.6,49.3,45.0,57.0,54.0
2013-08-06,61.6,54.4,80.1,71.5,48.9,45.1,56.4,54.0
2013-07-30,64.6,61.0,84.7,75.8,55.2,53.1,61.7,60.3
2013-07-23,68.4,66.2,87.3,80.7,61.7,59.4,68.3,66.8
2013-07-16,70.0,67.2,88.8,81.9,62.7,60.1,68.6,67.5
2013-07-09,71.1,68.7,89.0,81.7,63.8,61.6,70.2,69.5
2013-07-02,72.3,70.8,89.6,84.4,65.6,63.7,73.1,71.5
2013-06-25,66.5,57.1,82.3,73.8,55.0,40.0,58.2,49.0
2013-06-18,67.7,59.1,82.7,74.5,56.3,42.2,59.6,51.0
2013-06-11,67.7,60.1,82.3,74.5,56.4,43.6,61.0,52.2
2013-06-04,68.0,60.9,82.6,75.4,56.4,43.2,60.7,52.4
2013-05-28,64.8,55.3,79.8,71.8,44.0,32.5,46.8,40.0
2013-05-21,64.3,56.9,79.8,73.5,43.7,32.5,45.8,39.5
2013-05-14,68.6,58.1,84.6,74.9,46.4,34.9,48.3,42.4
2013-05-07,69.0,57.8,84.8,75.0,46.8,35.1,48.3,42.6
2013-04-30,69.9,52.1,86.1,71.5,41.8,26.6,44.9,38.7
2013-04-23,70.3,53.1,86.7,73.1,41.8,27.0,44.8,38.9
2013-04-16,70.7,53.4,87.2,74.0,41.9,27.3,44.8,39.2
2013-04-09,73.0,56.4,89.8,77.8,42.8,28.9,45.9,40.0
2013-04-02,73.8,56.7,89.8,78.1,43.6,27.6,45.3,38.5
2013-03-26,66.2,49.6,85.1,70.8,39.9,24.0,42.8,33.7
2013-03-19,67.0,50.3,86.1,71.0,38.7,25.0,41.7,34.5
2013-03-12,68.8,51.6,87.9,71.2,38.0,24.2,41.2,33.4
2013-03-05,68.3,49.6,88.8,73.5,34.7,21.6,37.3,29.8
2013-02-26,64.0,46.8,84.4,73.4,23.7,14.4,26.1,20.9
2013-02-19,62.9,46.0,84.9,72.8,25.1,15.1,27.3,21.6
2013-02-12,62.5,47.3,85.3,73.1,25.2,15.0,27.2,22.0
2013-02-05,62.2,46.4,85.8,73.4,25.9,16.1,27.7,23.2
2013-01-29,59.0,46.6,83.8,71.7,28.4,24.5,32.2,29.5
2013-01-22,62.4,47.4,86.4,73.2,31.1,25.1,35.0,31.9
2013-01-15,63.3,45.5,87.0,71.9,36.7,29.9,41.3,37.9
2013-01-08,67.8,51.1,88.5,73.4,44.3,37.7,50.6,47.3
2012-12-31,58.1,45.1,78.3,70.5,25.9,18.3,30.4,29.1
2012-12-24,58.9,45.9,78.7,70.8,25.5,17.9,29.6,28.4
2012-12-18,60.4,47.1,78.5,72.6,26.2,18.9,31.1,29.3
2012-12-11,59.3,49.7,77.3,74.4,27.2,20.1,31.6,28.2
2012-12-04,60.4,49.8,78.5,75.2,26.2,19.7,30.4,28.4
2012-11-27,62.1,45.9,80.1,71.4,29.5,23.6,33.5,32.3
2012-11-20,63.4,48.6,79.0,74.3,33.0,26.4,37.5,36.2
2012-11-13,63.1,45.7,77.0,74.6,38.6,32.1,43.6,43.1
2012-11-06,57.6,50.4,75.1,77.3,42.5,31.7,47.0,44.5
2012-10-30,56.8,48.5,73.2,75.8,43.6,30.1,51.7,47.8
2012-10-23,57.9,48.7,73.2,76.4,46.1,31.9,54.6,50.4
2012-10-16,61.0,47.2,78.8,74.2,56.7,39.4,66.9,60.8
2012-10-09,63.1,46.2,78.9,73.0,59.9,40.4,71.5,63.7
2012-10-02,62.0,46.1,79.1,73.9,59.3,38.6,71.8,63.4
2012-09-25,62.2,46.4,78.8,71.0,59.7,40.9,73.1,62.2
2012-09-18,64.3,46.0,81.4,71.5,61.8,43.5,75.8,65.7
2012-09-11,60.5,47.1,78.0,68.4,58.5,43.1,71.8,61.3
2012-09-04,63.6,47.7,80.6,69.8,56.7,44.8,71.1,64.6
2012-08-28,66.1,47.0,83.6,70.6,56.3,45.2,71.3,64.7
2012-08-21,67.8,47.2,84.5,70.4,55.1,46.5,69.3,64.4
2012-08-14,67.8,49.3,83.5,73.0,53.8,47.8,66.9,64.9
2012-08-07,65.6,52.3,81.1,74.4,53.0,50.9,65.4,66.3
2012-07-31,66.9,58.4,80.5,77.1,57.0,55.7,69.6,68.1
2012-07-24,67.9,59.9,81.8,78.6,57.6,56.2,70.3,68.7
2012-07-17,68.4,59.5,82.0,79.1,57.3,56.4,69.9,68.7
2012-07-10,68.5,61.2,82.4,79.9,59.3,58.0,72.3,70.4
2012-07-03,69.3,63.1,82.9,80.8,60.0,60.6,73.1,72.2
2012-06-26,62.6,53.3,77.6,71.8,47.9,39.3,57.5,52.6
2012-06-19,63.1,54.6,77.6,73.1,47.2,40.4,56.2,53.2
2012-06-12,62.9,55.0,77.1,74.0,47.7,40.8,56.4,53.6
2012-06-05,62.2,56.6,77.0,75.2,47.2,41.2,56.1,53.9
2012-05-29,53.2,47.5,74.0,75.1,24.7,20.1,32.3,30.1
2012-05-22,53.8,48.8,74.6,74.9,25.5,20.3,33.3,31.0
2012-05-15,54.5,49.0,74.9,76.1,25.6,20.9,33.3,31.9
2012-05-08,54.7,49.5,74.1,76.2,25.3,21.0,33.2,32.6
2012-05-01,53.5,45.8,76.2,76.0,19.1,24.1,28.2,29.0
2012-04-24,54.9,45.2,77.2,76.2,20.7,24.9,29.5,29.4
2012-04-17,57.0,46.2,79.3,77.0,20.3,25.5,28.9,29.8
2012-04-10,59.2,48.5,82.0,80.3,21.3,26.2,30.2,30.9
2012-04-03,59.9,47.6,82.1,81.0,21.7,26.4,31.2,31.0
2012-03-27,52.9,47.7,77.8,78.7,12.7,9.7,18.4,15.5
2012-03-20,53.5,48.2,78.8,80.9,12.0,10.3,17.6,15.4
2012-03-13,52.0,50.1,78.6,81.6,12.8,10.9,17.8,15.8
2012-03-06,50.2,49.9,78.6,81.6,13.0,11.6,18.4,16.8
2012-02-28,47.1,47.5,78.8,78.7,11.5,9.4,15.7,13.6
2012-02-21,46.3,48.6,75.7,75.8,12.8,10.4,17.7,15.2
2012-02-14,48.2,48.4,75.7,74.0,17.3,12.3,22.8,17.6
2012-02-07,49.6,50.0,76.8,74.9,17.1,12.1,22.6,17.1
2012-01-31,49.8,46.0,75.3,70.4,10.1,11.8,17.1,16.9
2012-01-24,51.0,47.8,76.7,72.8,10.3,11.9,17.6,17.3
2012-01-17,48.8,45.4,75.9,73.0,10.5,12.8,17.6,18.9
2012-01-10,48.0,43.8,76.1,73.9,9.8,12.8,16.7,18.6
2012-01-03,45.0,47.4,74.6,70.1,14.9,15.3,21.8,20.8
2011-12-27,42.9,45.1,75.2,70.8,14.6,13.8,20.5,19.2
2011-12-20,42.8,44.4,74.8,70.5,13.7,13.6,19.5,18.8
2011-12-13,46.8,47.5,72.4,69.7,14.5,18.2,21.6,24.6
2011-12-06,49.5,50.0,70.9,70.8,16.0,18.4,23.8,24.7
2011-11-29,41.3,43.5,65.9,67.6,14.3,15.3,22.4,22.1
2011-11-22,39.8,42.9,63.8,65.8,14.5,15.3,22.3,22.4
2011-11-15,41.8,47.5,65.0,66.5,16.7,18.8,25.9,27.1
2011-11-08,38.2,44.2,62.1,67.3,17.7,22.0,27.5,30.7
2011-11-01,33.2,47.1,57.5,68.0,23.0,26.0,37.7,35.3
2011-10-25,35.5,45.1,60.7,66.6,22.6,25.7,37.4,36.1
2011-10-18,35.7,44.5,61.6,66.8,22.8,25.9,36.7,35.9
2011-10-11,34.3,42.2,58.7,65.7,25.2,30.0,41.9,41.8
2011-10-04,38.0,43.8,63.6,66.6,33.2,37.8,55.2,54.0
2011-09-27,41.1,43.7,65.8,66.7,35.9,37.4,58.0,56.5
2011-09-20,41.5,42.3,67.3,66.4,37.1,38.4,58.1,57.7
2011-09-13,44.4,46.2,70.3,66.9,40.9,42.9,61.7,61.3
2011-09-06,46.6,45.5,72.2,66.9,42.9,41.0,62.1,60.0
2011-08-30,41.2,43.0,67.9,62.8,36.8,39.7,53.8,55.5
2011-08-23,41.0,41.5,67.7,62.2,36.6,38.3,54.8,53.5
2011-08-16,39.0,41.6,65.3,61.8,34.3,38.5,54.5,53.2
2011-08-09,43.1,40.4,71.8,63.9,35.7,39.0,55.2,54.3
2011-08-02,41.7,40.6,70.7,63.9,34.9,39.2,53.9,55.2
2011-07-26,38.8,41.9,65.7,65.9,34.7,38.0,56.2,56.9
2011-07-19,39.9,42.1,66.4,67.9,36.3,37.6,56.5,56.7
2011-07-12,38.6,43.2,64.7,68.8,34.6,36.6,56.7,57.1
2011-07-05,36.1,44.6,61.1,66.5,34.3,38.8,52.2,53.1
2011-06-28,34.5,44.0,58.1,65.3,30.8,39.1,49.5,54.2
2011-06-21,34.8,44.4,58.7,66.7,31.1,40.2,50.0,55.0
2011-06-14,35.5,45.4,60.2,68.9,32.2,41.7,51.0,57.0
2011-06-07,37.6,47.7,63.0,71.2,32.9,44.9,52.5,59.6
2011-05-31,41.8,53.1,67.2,72.1,37.4,52.9,60.3,67.0
2011-05-24,41.1,52.5,67.1,71.7,36.2,52.4,59.2,65.8
2011-05-17,39.3,53.8,63.9,74.0,33.9,49.4,56.7,63.0
2011-05-10,41.6,55.9,67.1,74.1,35.9,50.5,58.6,61.6
2011-05-03,43.6,57.8,71.1,75.7,39.3,54.3,61.0,61.6
2011-04-26,44.7,53.2,69.3,74.8,42.0,45.3,61.2,58.7
2011-04-19,45.3,54.5,69.7,75.8,42.8,47.7,63.6,62.8
2011-04-12,45.9,54.3,69.8,74.7,43.4,48.2,64.6,64.7
2011-04-05,47.1,55.1,72.2,75.6,44.5,49.2,66.7,65.0
2011-03-29,40.3,43.3,67.4,70.9,35.8,39.7,59.1,59.4
2011-03-22,41.1,46.0,67.2,73.4,38.3,41.7,60.6,60.6
2011-03-15,42.1,48.7,69.1,77.0,39.0,45.4,62.8,65.5
2011-03-08,42.9,47.3,69.1,75.9,39.7,43.0,62.5,62.7
2011-03-01,40.0,49.0,63.6,74.3,36.2,43.7,53.1,56.0
2011-02-22,40.0,49.7,63.8,74.4,36.4,42.0,53.3,53.7
2011-02-15,40.1,50.3,64.2,75.3,36.7,42.1,53.8,53.9
2011-02-08,40.7,53.3,65.4,75.0,38.8,47.3,56.8,56.8
2011-02-01,42.2,56.8,67.8,75.0,39.6,46.2,58.3,55.0
2011-01-25,44.3,57.6,69.4,76.6,41.5,49.7,60.8,58.4
2011-01-18,46.7,60.0,71.1,77.8,43.4,52.1,62.8,60.5
2011-01-11,47.3,61.4,71.1,79.4,43.9,53.5,63.0,62.0
2011-01-04,47.2,61.4,71.8,78.2,42.9,52.3,62.1,60.7
2010-12-28,52.9,58.6,75.1,73.1,31.5,30.4,42.5,38.6
2010-12-21,52.7,58.5,75.2,73.3,31.7,30.8,42.6,38.8
2010-12-14,54.1,59.8,75.1,75.8,33.0,31.4,42.9,39.8
2010-12-07,53.6,58.8,75.4,74.7,32.3,30.6,41.7,38.7
2010-11-30,52.8,56.3,74.2,72.1,23.8,28.5,35.5,32.5
2010-11-23,54.0,56.2,74.7,73.0,23.9,28.8,35.1,33.2
2010-11-16,53.9,54.5,73.2,71.9,25.1,26.9,34.5,32.1
2010-11-09,52.5,56.1,72.9,73.2,24.5,23.9,34.0,29.7
2010-11-02,50.4,56.4,72.3,73.6,25.4,24.7,34.7,31.9
2010-10-26,49.2,56.3,71.4,72.9,26.0,29.4,39.5,37.5
2010-10-19,49.4,55.2,72.6,72.9,27.3,29.5,41.4,39.3
2010-10-12,51.0,58.9,72.8,74.3,30.7,32.6,45.5,44.3
2010-10-05,54.1,53.9,74.6,72.9,35.7,37.9,48.5,47.9
2010-09-28,53.5,52.6,76.2,72.7,35.4,40.1,48.4,49.9
2010-09-21,57.1,54.9,76.8,74.0,38.7,41.6,51.2,52.2
2010-09-14,57.7,58.9,77.8,76.9,40.3,43.5,54.3,54.7
2010-09-07,59.6,59.7,79.4,78.8,41.3,42.2,52.9,51.8
2010-08-31,53.6,60.8,74.1,77.9,32.6,41.0,42.5,46.5
2010-08-24,52.8,61.8,72.9,78.3,31.7,42.3,41.7,46.0
2010-08-17,53.4,61.9,72.7,76.5,34.2,44.2,44.6,47.9
2010-08-10,53.9,63.5,72.5,77.7,34.2,44.9,44.1,48.0
2010-08-03,56.9,65.2,74.7,79.2,36.6,48.1,47.2,51.1
2010-07-27,60.0,67.9,75.5,83.0,43.0,54.7,52.2,57.8
2010-07-20,61.2,67.1,77.8,82.8,43.5,56.1,54.1,59.1
2010-07-13,62.2,67.7,79.4,82.4,46.1,59.4,58.2,62.1
2010-07-06,62.9,67.8,79.9,83.8,48.4,61.6,60.1,64.3
2010-06-29,57.7,71.2,79.5,84.3,34.9,43.9,43.4,47.7
2010-06-22,57.6,71.7,79.6,84.5,36.1,44.6,44.1,48.0
2010-06-15,57.4,71.2,79.9,84.3,37.0,44.8,44.7,48.0
2010-06-08,57.1,71.6,80.0,85.1,37.9,46.2,45.9,49.6
2010-06-01,56.5,67.3,80.4,85.0,34.7,43.2,47.2,48.1
2010-05-25,56.7,68.3,81.1,84.7,37.2,46.9,50.1,50.9
2010-05-18,57.4,68.6,81.7,85.0,38.0,47.9,51.2,52.1
2010-05-11,56.3,68.2,82.1,84.5,37.5,46.4,50.5,50.2
2010-05-04,56.2,68.8,82.1,85.0,37.5,46.7,50.6,50.7
2010-04-27,54.4,69.2,80.2,85.8,32.2,40.3,43.0,44.2
2010-04-20,56.8,68.0,81.3,85.0,32.2,39.8,44.5,43.8
2010-04-13,57.7,67.2,82.3,84.0,32.5,38.8,44.9,43.3
2010-04-06,57.7,66.3,82.1,83.9,32.9,39.1,45.5,44.9
2010-03-30,53.2,64.1,76.9,81.7,34.0,33.4,39.9,40.0
2010-03-23,55.8,66.6,79.0,82.0,35.8,35.5,41.4,41.9
2010-03-16,57.1,68.7,78.4,83.4,38.3,37.1,44.7,43.5
2010-03-09,56.6,66.6,78.0,81.6,39.9,37.1,46.9,44.6
2010-03-02,58.5,65.7,77.9,81.4,41.9,38.1,49.2,46.9
2010-02-23,50.1,67.7,70.1,83.4,42.0,49.9,50.3,56.1
2010-02-16,50.8,68.9,70.9,83.5,47.1,54.9,55.0,60.4
2010-02-09,52.9,68.9,72.4,84.3,49.5,58.4,57.9,64.2
2010-02-02,53.9,67.7,72.9,83.3,50.7,58.4,59.5,65.1
2010-01-26,52.3,63.7,71.9,81.2,46.1,51.2,54.6,57.8
2010-01-19,52.5,66.6,72.6,82.8,46.0,53.1,55.0,59.4
2010-01-12,56.4,65.3,75.5,82.5,47.9,54.0,57.7,60.3
2010-01-05,57.3,66.3,76.5,84.1,48.5,56.2,59.1,61.4
2009-12-29,57.0,62.3,74.8,79.8,45.4,51.2,54.8,58.7
2009-12-22,56.9,61.7,75.4,79.3,45.7,51.9,55.8,59.8
2009-12-15,57.3,62.5,76.6,80.2,45.5,53.8,56.3,61.1
2009-12-08,59.6,63.0,77.8,79.7,49.4,55.3,60.0,63.0
2009-12-01,58.8,60.4,78.0,78.7,49.2,51.9,57.1,59.3
2009-11-24,60.4,59.6,79.2,78.1,51.1,51.6,57.8,59.2
2009-11-17,59.6,59.5,79.0,77.5,49.8,50.0,56.2,57.2
2009-11-09,66.2,62.9,82.1,78.5,55.8,53.9,60.9,61.5
2009-11-03,67.4,64.2,82.8,79.9,56.6,55.6,61.9,63.4
2009-10-27,63.3,61.2,81.0,78.9,52.7,52.1,60.4,61.9
2009-10-20,65.0,63.1,82.0,79.5,53.7,53.0,61.5,62.8
2009-10-13,64.5,63.0,81.0,79.7,53.1,51.9,61.1,62.1
2009-10-06,66.3,61.0,81.7,79.2,55.5,50.8,62.1,61.8
2009-09-29,63.2,58.9,79.2,78.4,54.3,48.3,60.9,61.8
2009-09-22,63.6,59.7,79.3,79.2,55.2,48.5,61.8,62.3
2009-09-15,63.6,59.4,78.7,79.3,55.2,49.0,62.0,62.9
2009-09-08,64.7,59.7,79.0,78.5,55.2,49.0,62.8,62.4
2009-09-01,60.7,57.6,74.5,77.4,51.4,46.3,58.8,58.4
2009-08-25,61.3,58.5,75.6,78.4,50.6,46.1,57.7,57.5
2009-08-18,61.5,61.1,75.0,79.9,50.5,49.1,57.6,59.4
2009-08-11,61.9,60.1,75.5,78.8,50.4,48.9,57.6,59.1
2009-08-04,63.8,62.1,76.3,80.2,54.3,53.1,61.2,63.3
2009-07-28,59.7,61.8,73.3,79.4,52.4,52.2,60.9,60.8
2009-07-21,57.1,62.6,72.2,79.1,49.5,50.6,58.7,59.4
2009-07-14,59.7,60.9,72.9,78.3,51.2,52.0,60.5,60.9
2009-07-07,61.9,60.5,74.9,78.5,53.0,53.0,61.5,62.2
2009-06-30,54.6,56.6,71.6,75.8,35.5,39.2,44.7,48.2
2009-06-23,55.0,56.6,72.1,76.6,35.0,40.1,44.4,48.3
2009-06-16,55.6,56.2,72.3,77.3,34.4,39.8,43.8,48.0
2009-06-09,56.3,54.6,72.9,77.6,35.6,40.3,44.9,49.5
2009-06-02,57.1,56.4,72.4,79.0,34.5,41.7,44.2,51.0
2009-05-26,57.5,55.2,73.2,74.6,27.9,30.3,37.7,38.6
2009-05-19,59.3,54.6,73.2,74.8,29.2,31.7,39.2,40.3
2009-05-12,60.0,54.1,73.0,75.7,28.7,32.5,38.8,41.7
2009-05-05,60.4,53.7,73.8,75.3,29.7,32.1,40.0,41.4
2009-04-28,61.0,54.0,75.1,75.3,24.5,28.6,36.0,37.5
2009-04-21,60.3,54.4,74.4,76.5,23.9,26.0,35.5,34.5
2009-04-14,59.5,54.5,74.4,76.7,23.7,25.5,35.4,35.0
2009-04-07,59.2,53.4,74.3,77.0,23.8,26.4,35.9,35.6
2009-03-31,51.8,51.8,68.6,75.1,22.0,29.1,34.2,38.0
2009-03-24,48.6,49.8,66.3,73.7,21.7,29.3,34.8,37.6
2009-03-17,46.8,46.7,66.6,72.7,23.6,32.1,37.6,41.0
2009-03-10,46.0,46.1,65.9,73.3,24.1,32.9,38.7,41.7
2009-03-03,44.8,45.6,64.9,73.4,24.6,33.7,39.0,42.5
2009-02-24,41.8,43.2,64.1,74.3,24.3,35.0,41.5,46.5
2009-02-17,42.0,44.2,63.4,73.5,25.4,37.4,43.3,50.0
2009-02-10,42.4,46.0,64.4,72.5,26.0,39.7,45.2,53.2
2009-02-03,43.4,47.2,64.8,73.8,26.3,38.5,44.6,52.7
2009-01-27,36.7,48.7,60.6,76.9,20.7,32.4,35.3,43.5
2009-01-20,39.6,50.8,61.6,78.2,19.8,32.5,34.3,42.4
2009-01-13,39.1,51.2,61.4,78.6,19.2,31.9,32.3,41.0
2009-01-06,39.2,51.3,62.3,78.5,19.8,32.6,33.0,42.6
2008-12-30,40.9,49.1,62.6,73.5,22.1,28.6,34.3,39.8
2008-12-22,40.6,49.1,63.5,72.2,20.6,26.8,32.6,37.6
2008-12-16,40.6,47.7,63.0,72.8,20.6,26.8,31.9,36.7
2008-12-09,38.1,39.2,64.1,62.6,26.6,29.0,41.4,40.5
2008-12-02,37.5,35.8,64.6,60.4,28.8,27.9,43.9,40.8
2008-11-25,33.2,32.2,58.1,55.6,25.3,19.6,38.1,32.3
2008-11-18,39.6,32.6,66.0,54.7,27.5,19.8,36.6,31.9
2008-11-11,43.5,33.5,68.2,57.7,30.5,20.7,38.1,35.7
2008-11-04,45.3,39.4,74.6,63.6,30.3,22.5,38.0,34.4
2008-10-28,38.7,36.6,63.4,60.0,24.2,20.5,30.8,27.9
2008-10-21,38.3,37.0,64.6,57.5,23.6,19.2,28.2,26.5
2008-10-14,41.3,37.5,66.9,60.1,28.1,21.2,33.1,29.9
2008-10-07,42.0,39.1,69.3,61.3,25.7,21.9,31.5,30.6
2008-09-30,41.4,38.3,67.7,61.4,27.1,24.2,32.8,32.2
2008-09-23,44.5,38.8,68.6,64.9,28.0,28.9,36.3,35.6
2008-09-16,51.3,41.9,75.8,70.5,42.2,32.6,48.5,41.6
2008-09-09,55.1,47.5,78.1,72.3,46.8,36.0,54.4,46.8
2008-09-02,52.0,43.0,71.9,68.6,42.4,38.4,49.6,50.2
2008-08-26,52.5,43.1,72.5,68.8,42.9,38.6,49.8,50.7
2008-08-19,55.2,44.4,73.6,69.3,45.5,37.9,51.8,49.6
2008-08-12,57.0,45.6,75.6,69.9,47.8,38.1,54.0,50.5
2008-08-05,58.3,46.2,75.8,71.3,51.8,43.0,59.0,57.1
2008-07-29,53.5,40.2,72.5,66.3,49.3,37.9,60.2,56.2
2008-07-22,56.3,41.5,75.3,67.6,52.1,38.9,63.9,57.4
2008-07-15,58.6,44.9,75.9,71.8,54.5,41.9,63.9,61.1
2008-07-08,60.0,46.0,77.8,72.6,55.7,42.6,65.6,62.1
2008-07-01,58.9,43.2,76.1,68.0,55.0,40.2,65.7,57.9
2008-06-24,58.9,42.9,76.1,67.0,55.0,39.9,65.1,56.9
2008-06-17,59.7,45.9,75.9,68.2,55.6,42.8,64.2,58.0
2008-06-10,57.2,46.1,74.0,68.4,53.0,42.8,61.8,57.1
2008-06-03,56.3,48.0,73.5,69.4,52.0,44.7,61.0,56.8
2008-05-27,55.7,46.6,73.4,66.4,50.1,43.4,58.9,56.5
2008-05-20,56.7,46.6,74.9,66.4,51.1,43.1,59.5,56.2
2008-05-13,54.6,47.8,73.6,67.9,48.8,44.2,57.4,55.9
2008-05-06,55.5,49.5,74.5,71.1,49.1,45.7,58.4,58.1
2008-04-29,52.3,45.3,73.0,68.6,46.0,40.9,57.4,56.2
2008-04-22,52.5,45.4,73.2,68.8,46.2,41.0,57.9,56.4
2008-04-15,52.5,46.7,73.5,69.7,46.1,42.2,58.0,56.5
2008-04-08,54.9,47.8,76.1,69.8,48.5,43.7,60.4,56.8
2008-04-01,50.7,44.6,72.1,66.0,44.6,40.3,57.3,56.2
2008-03-25,51.5,44.2,73.4,66.0,43.9,40.0,56.2,55.8
2008-03-18,52.5,45.3,74.2,67.0,44.2,41.6,57.0,57.2
2008-03-11,56.0,47.4,74.8,66.9,42.9,43.5,54.7,56.0
2008-03-04,57.8,47.5,78.3,67.1,43.1,43.6,57.9,56.5
2008-02-26,51.4,45.6,74.4,63.7,40.7,39.6,54.5,51.5
2008-02-19,49.2,45.9,71.7,63.5,40.9,39.3,54.3,51.3
2008-02-12,49.0,45.7,71.0,63.2,40.7,38.3,53.2,50.3
2008-02-05,51.5,47.9,71.0,64.6,42.5,40.2,53.5,51.8
2008-01-29,49.1,45.0,74.0,64.0,42.3,36.3,54.9,49.6
2008-01-22,52.3,49.0,77.9,65.3,46.6,37.0,54.2,50.2
2008-01-15,52.7,48.8,79.3,67.3,47.0,37.9,55.9,52.8
2008-01-08,54.9,50.4,82.7,70.1,48.7,39.7,57.9,55.1
2007-12-31,51.3,46.5,78.8,66.1,45.0,34.6,57.0,48.8
2007-12-24,51.4,46.4,79.0,66.0,45.1,34.7,56.9,48.9
2007-12-18,51.7,46.6,79.5,66.4,45.3,34.9,57.2,49.2
2007-12-11,52.8,47.8,80.1,68.1,46.2,35.8,56.7,48.6
2007-12-04,52.2,47.5,79.0,68.1,46.0,35.8,57.1,49.4
2007-11-27,50.0,43.4,74.9,62.3,43.6,32.4,52.8,46.4
2007-11-20,47.6,43.4,72.8,62.7,41.6,32.8,50.8,47.4
2007-11-13,49.3,43.5,71.9,62.9,44.9,35.9,54.5,51.8
2007-11-06,50.6,44.5,69.4,64.4,47.7,36.8,58.7,53.7
2007-10-30,40.1,39.0,62.3,62.8,35.8,35.3,49.1,52.0
2007-10-23,40.5,39.9,63.4,64.3,36.3,36.2,51.8,53.7
2007-10-16,40.8,39.8,63.8,65.4,36.8,36.1,51.9,53.6
2007-10-09,41.8,41.4,65.2,65.9,37.8,36.1,51.2,52.7
2007-10-02,45.3,43.8,69.3,67.8,41.5,38.2,55.4,54.8
2007-09-25,53.5,49.3,73.2,69.7,48.2,43.8,59.1,59.3
2007-09-18,54.8,50.1,74.8,69.5,50.4,44.4,61.0,58.9
2007-09-11,57.0,52.0,75.1,70.8,52.4,46.2,61.5,59.2
2007-09-04,55.3,50.0,73.4,68.5,50.0,44.1,60.7,58.6
2007-08-28,56.5,49.6,73.4,63.3,51.2,40.8,61.2,53.4
2007-08-21,55.9,49.4,72.9,62.7,51.4,40.8,62.0,53.0
2007-08-14,55.9,49.3,73.9,63.3,52.3,40.4,63.8,52.5
2007-08-07,57.0,49.1,74.8,63.7,52.9,40.1,63.8,51.5
2007-07-31,57.3,49.7,73.9,63.6,54.1,40.0,63.6,51.0
2007-07-24,59.0,46.1,74.7,62.9,56.1,37.3,64.1,48.4
2007-07-17,61.0,51.0,76.0,67.1,57.9,44.4,67.9,54.4
2007-07-10,61.1,51.1,76.7,67.6,58.0,44.9,67.8,54.4
2007-07-03,61.1,51.1,77.5,67.6,58.0,45.3,68.7,54.6
2007-06-26,55.3,50.8,74.4,65.9,45.5,44.0,55.8,51.0
2007-06-19,55.6,51.4,75.2,66.8,46.2,44.4,56.4,51.0
2007-06-12,54.7,53.3,75.5,68.6,44.8,44.6,55.3,49.9
2007-06-05,54.8,56.0,75.4,70.5,43.8,43.3,52.9,47.5
2007-05-29,57.3,55.5,76.4,70.3,49.1,45.6,56.8,50.3
2007-05-22,57.8,57.9,76.2,73.0,50.1,47.6,57.1,51.4
2007-05-15,55.8,59.2,75.0,73.7,47.6,47.0,54.9,51.7
2007-05-08,56.3,57.3,74.3,72.2,51.1,47.0,57.5,52.0
2007-05-01,59.1,60.0,76.3,74.8,53.7,49.6,61.2,53.9
2007-04-24,60.4,61.6,76.9,76.5,54.9,53.5,63.9,58.7
2007-04-17,60.6,62.5,77.3,75.0,58.2,56.1,66.7,60.4
2007-04-10,61.7,66.4,77.4,75.9,60.6,60.0,69.4,64.0
2007-04-03,63.3,67.4,78.5,76.5,62.0,60.5,71.2,64.7
2007-03-27,60.2,63.1,74.3,73.7,58.0,55.5,65.8,59.7
2007-03-20,60.8,64.3,75.2,74.1,59.4,57.3,67.7,62.1
2007-03-13,60.7,64.3,74.2,74.1,59.4,57.3,67.0,62.1
2007-03-06,60.4,64.8,73.8,74.6,59.8,57.7,66.5,62.5
2007-02-27,57.0,58.9,70.6,69.8,55.7,52.0,63.0,59.2
2007-02-20,58.2,59.3,71.7,71.0,57.4,53.1,64.6,60.9
2007-02-13,58.7,59.1,72.3,70.9,57.8,53.0,64.9,60.8
2007-02-06,59.2,60.1,72.9,71.8,58.7,53.9,65.7,61.7
2007-01-30,55.8,58.0,71.4,69.1,55.5,52.4,65.3,60.4
2007-01-23,57.1,65.4,72.6,76.3,56.6,61.1,65.7,69.2
2007-01-16,59.7,67.4,75.2,77.4,58.7,62.8,68.0,70.7
2007-01-09,60.8,65.7,73.8,76.4,59.8,60.7,66.5,68.7
2007-01-03,37.2,41.2,59.2,59.4,32.1,29.0,42.9,42.9
2006-12-26,39.6,41.7,61.6,58.8,33.7,30.8,46.4,43.4
2006-12-19,39.7,42.8,62.3,60.3,33.7,31.7,46.7,44.5
2006-12-12,40.4,42.5,63.3,60.5,34.4,31.4,47.0,44.5
2006-12-05,41.5,38.0,64.7,57.2,35.2,30.0,48.3,41.6
2006-11-28,44.1,35.6,65.3,54.4,36.4,28.9,49.1,41.8
2006-11-21,43.3,35.4,64.5,54.8,34.8,28.8,44.9,41.0
2006-11-14,43.1,38.6,65.0,58.6,34.6,30.7,44.1,44.1
2006-11-07,43.7,39.1,66.4,60.0,35.2,31.8,44.8,44.1
2006-10-31,38.3,36.9,58.9,57.5,25.9,29.3,35.6,39.5
2006-10-24,38.2,37.4,58.8,57.2,26.9,31.2,36.2,42.0
2006-10-17,37.9,39.3,58.9,59.5,26.4,34.1,35.6,42.6
2006-10-10,35.5,41.1,58.6,61.2,24.6,35.1,35.3,43.7
2006-10-03,41.3,52.5,66.6,70.2,31.8,43.3,44.0,54.0
2006-09-26,41.2,46.8,62.8,65.0,34.7,41.5,45.8,53.5
2006-09-19,45.8,49.3,67.7,67.3,38.4,45.8,51.7,61.0
2006-09-12,45.7,46.7,68.6,66.8,39.1,43.6,49.7,59.0
2006-09-05,48.2,48.8,70.6,68.0,40.2,45.4,51.6,58.7
2006-08-29,49.2,49.2,69.3,66.5,41.1,40.7,52.2,53.2
2006-08-22,50.4,50.5,70.4,66.9,43.4,41.8,55.1,54.6
2006-08-15,51.0,48.8,69.7,65.2,44.0,42.0,54.6,53.7
2006-08-08,52.2,50.5,70.0,68.9,45.6,43.5,56.9,55.2
2006-08-01,51.7,52.0,69.2,68.8,44.9,44.8,55.3,53.1
2006-07-25,53.9,56.5,74.3,73.3,48.7,48.3,58.2,59.2
2006-07-18,54.0,57.9,72.9,74.8,49.0,50.0,56.8,61.3
2006-07-11,54.4,58.4,73.5,75.0,49.5,50.4,56.9,61.8
2006-07-03,54.3,57.8,70.6,74.7,49.9,55.0,59.6,66.7
2006-06-27,55.4,58.1,70.5,75.6,50.9,54.4,60.7,66.1
2006-06-20,59.3,59.0,72.7,74.9,52.9,56.1,62.9,68.3
2006-06-13,59.0,62.0,73.1,78.5,52.3,58.9,62.8,70.8
2006-06-06,61.3,63.5,75.3,80.3,54.5,60.3,64.7,72.4
2006-05-30,56.0,54.2,73.6,70.8,46.3,48.4,57.0,60.3
2006-05-23,57.3,55.1,75.5,71.5,48.5,48.2,60.4,60.5
2006-05-16,59.8,55.1,78.0,71.5,51.0,48.2,62.9,60.5
2006-05-09,61.4,55.4,79.7,71.9,52.5,48.5,64.5,60.2
2006-05-02,63.4,55.9,81.6,72.7,56.0,50.1,66.7,62.3
2006-04-25,64.7,47.5,82.6,67.6,57.4,39.7,66.9,58.0
2006-04-18,64.7,46.0,82.6,68.5,57.4,40.1,66.9,58.9
2006-04-11,63.8,43.8,81.7,66.8,55.5,36.0,65.3,54.4
2006-04-04,64.5,49.4,83.0,67.9,59.0,39.7,66.2,54.8
2006-03-28,59.8,47.6,76.1,66.7,56.3,41.2,65.8,57.1
2006-03-21,60.4,45.4,78.5,63.7,57.6,39.2,66.6,53.6
2006-03-14,62.6,52.6,80.1,70.2,58.6,44.5,69.1,58.4
2006-03-07,61.8,50.3,80.1,70.3,57.7,41.9,67.5,56.4
2006-02-28,56.5,40.3,75.3,61.7,51.1,36.4,63.2,50.1
2006-02-21,59.3,40.8,77.3,62.0,56.8,36.9,68.3,51.7
2006-02-14,60.6,42.1,79.2,63.8,58.0,38.0,68.9,53.2
2006-02-07,60.9,50.9,80.5,71.5,59.7,44.7,70.4,57.5
2006-01-31,55.6,43.7,77.2,65.5,51.3,39.2,61.1,52.1
2006-01-24,57.1,44.9,79.3,67.3,52.7,40.3,62.2,52.8
2006-01-17,58.2,44.5,78.7,66.6,50.8,41.2,64.0,53.4
2006-01-10,57.3,51.8,78.6,69.8,50.4,44.9,59.4,53.1
2005-12-27,58.4,54.1,81.1,71.7,48.9,43.1,60.7,48.9
2005-12-20,63.2,54.1,82.2,71.7,48.9,43.1,60.7,48.9
2005-12-13,58.9,51.7,79.5,71.4,42.5,39.7,57.9,45.2
2005-11-29,61.4,52.9,81.4,65.8,53.1,43.4,65.5,48.6
